time,actual_load,predicted_load,seasonal_naive_24h,abs_error
2015-08-01 00:00:00,832.77,801.5003662109375,801.59,31.269633789062482
2015-08-01 01:00:00,790.68,807.6909790039062,764.79,17.0109790039063
2015-08-01 02:00:00,792.68,775.02001953125,758.74,17.65998046874995
2015-08-01 03:00:00,778.7,763.640869140625,750.75,15.059130859375045
2015-08-01 04:00:00,777.6,769.5130615234375,758.74,8.086938476562523
2015-08-01 05:00:00,716.87,751.5040283203125,708.82,34.634028320312495
2015-08-01 06:00:00,1030.5,849.3419799804688,1052.25,181.15802001953125
2015-08-01 07:00:00,1071.45,1147.137451171875,1088.41,75.68745117187495
2015-08-01 08:00:00,1120.13,1093.958984375,1144.09,26.17101562500011
2015-08-01 09:00:00,1134.11,1136.3092041015625,1170.05,2.1992041015626
2015-08-01 10:00:00,1213.98,1139.6673583984375,1218.05,74.31264160156252
2015-08-01 11:00:00,1293.84,1227.1470947265625,1233.94,66.69290527343742
2015-08-01 12:00:00,1315.89,1266.211181640625,1219.97,49.6788183593751
2015-08-01 13:00:00,1319.8,1260.0045166015625,1207.99,59.795483398437455
2015-08-01 14:00:00,1317.8,1247.61962890625,1188.02,70.18037109374995
2015-08-01 15:00:00,1312.1,1259.164306640625,1298.11,52.93569335937491
2015-08-01 16:00:00,1323.79,1279.2496337890625,1339.77,44.540366210937464
2015-08-01 17:00:00,1323.79,1289.374267578125,1409.65,34.415732421874964
2015-08-01 18:00:00,1377.7,1276.63037109375,1429.62,101.06962890625005
2015-08-01 19:00:00,1377.7,1268.0068359375,1371.71,109.69316406250005
2015-08-01 20:00:00,1373.71,1253.5413818359375,1331.87,120.16861816406254
2015-08-01 21:00:00,1341.86,1266.72216796875,1333.78,75.1378320312499
2015-08-01 22:00:00,1271.88,1043.817626953125,884.53,228.0623730468751
2015-08-01 23:00:00,1104.38,1147.890625,842.6,43.51062499999989
2015-08-02 00:00:00,1014.31,1054.6878662109375,832.77,40.377866210937555
2015-08-02 01:00:00,962.4,864.9149169921875,790.68,97.48508300781248
2015-08-02 02:00:00,964.39,907.7320556640625,792.68,56.657944335937486
2015-08-02 03:00:00,952.41,943.9954833984375,778.7,8.414516601562468
2015-08-02 04:00:00,926.46,916.7049560546875,777.6,9.755043945312536
2015-08-02 05:00:00,968.39,878.3460083007812,716.87,90.04399169921874
2015-08-02 06:00:00,1006.4,1007.778564453125,1030.5,1.3785644531250227
2015-08-02 07:00:00,1182.03,1098.4373779296875,1071.45,83.59262207031247
2015-08-02 08:00:00,1320.08,1208.15576171875,1120.13,111.92423828124993
2015-08-02 09:00:00,1317.8,1280.3790283203125,1134.11,37.420971679687455
2015-08-02 10:00:00,1381.7,1281.334716796875,1213.98,100.36528320312505
2015-08-02 11:00:00,1358.59,1273.5513916015625,1293.84,85.03860839843742
2015-08-02 12:00:00,1377.7,1270.98193359375,1315.89,106.71806640625005
2015-08-02 13:00:00,1401.66,1263.5667724609375,1319.8,138.09322753906258
2015-08-02 14:00:00,1333.28,1246.28125,1317.8,86.99874999999997
2015-08-02 15:00:00,1351.75,1259.164306640625,1312.1,92.585693359375
2015-08-02 16:00:00,1377.7,1279.2496337890625,1323.79,98.45036621093755
2015-08-02 17:00:00,1433.61,1289.374267578125,1323.79,144.2357324218749
2015-08-02 18:00:00,1425.62,1276.63037109375,1377.7,148.9896289062499
2015-08-02 19:00:00,1399.67,1268.0068359375,1377.7,131.66316406250007
2015-08-02 20:00:00,1345.76,1253.5413818359375,1373.71,92.21861816406249
2015-08-02 21:00:00,1198.1,1266.72216796875,1341.86,68.62216796875009
2015-08-02 22:00:00,1074.21,1071.3338623046875,1271.88,2.8761376953125364
2015-08-02 23:00:00,864.72,993.4630737304688,1104.38,128.74307373046872
2015-08-03 00:00:00,830.62,830.306640625,1014.31,0.31335937500000455
2015-08-03 01:00:00,796.67,802.6544189453125,962.4,5.984418945312541
2015-08-03 02:00:00,818.64,795.480712890625,964.39,23.159287109374986
2015-08-03 03:00:00,802.66,797.343017578125,952.41,5.316982421874968
2015-08-03 04:00:00,928.45,806.8450927734375,926.46,121.60490722656255
2015-08-03 05:00:00,958.4,944.8040771484375,968.39,13.595922851562477
2015-08-03 06:00:00,1008.39,1009.9220581054688,1006.4,1.5320581054687636
2015-08-03 07:00:00,1168.29,1112.4453125,1182.03,55.844687499999964
2015-08-03 08:00:00,1307.82,1194.3438720703125,1320.08,113.47612792968744
2015-08-03 09:00:00,1311.81,1276.5303955078125,1317.8,35.279604492187445
2015-08-03 10:00:00,1363.73,1281.334716796875,1381.7,82.39528320312502
2015-08-03 11:00:00,1409.65,1273.5513916015625,1358.59,136.0986083984376
2015-08-03 12:00:00,1453.58,1270.98193359375,1377.7,182.59806640624993
2015-08-03 13:00:00,1415.64,1263.5667724609375,1401.66,152.0732275390626
2015-08-03 14:00:00,1375.71,1246.28125,1333.28,129.42875000000004
2015-08-03 15:00:00,1359.82,1259.164306640625,1351.75,100.65569335937494
2015-08-03 16:00:00,1389.98,1279.2496337890625,1377.7,110.73036621093752
2015-08-03 17:00:00,1471.45,1289.374267578125,1433.61,182.07573242187505
2015-08-03 18:00:00,1451.58,1276.63037109375,1425.62,174.94962890624993
2015-08-03 19:00:00,1441.6,1268.0068359375,1399.67,173.5931640624999
2015-08-03 20:00:00,1415.29,1253.5413818359375,1345.76,161.74861816406246
2015-08-03 21:00:00,1293.94,1266.72216796875,1198.1,27.217832031250055
2015-08-03 22:00:00,1180.27,1033.2615966796875,1074.21,147.00840332031248
2015-08-03 23:00:00,1122.13,1000.8582153320312,864.72,121.27178466796886
2015-08-04 00:00:00,1044.26,1072.9739990234375,830.62,28.71399902343751
2015-08-04 01:00:00,990.35,906.0816650390625,796.67,84.26833496093752
2015-08-04 02:00:00,978.37,904.506591796875,818.64,73.863408203125
2015-08-04 03:00:00,940.43,918.100830078125,802.66,22.32916992187495
2015-08-04 04:00:00,948.42,914.4312744140625,928.45,33.98872558593746
2015-08-04 05:00:00,974.45,934.6642456054688,958.4,39.785754394531295
2015-08-04 06:00:00,1102.4,1004.7835693359375,1008.39,97.61643066406259
2015-08-04 07:00:00,1267.89,1178.6473388671875,1168.29,89.2426611328126
2015-08-04 08:00:00,1313.81,1306.635498046875,1307.82,7.174501953124945
2015-08-04 09:00:00,1329.78,1281.76025390625,1311.81,48.01974609374997
2015-08-04 10:00:00,1415.64,1284.89697265625,1363.73,130.7430273437501
2015-08-04 11:00:00,1399.67,1273.5513916015625,1409.65,126.11860839843757
2015-08-04 12:00:00,1433.61,1270.98193359375,1453.58,162.6280664062499
2015-08-04 13:00:00,1445.59,1263.5667724609375,1415.64,182.02322753906242
2015-08-04 14:00:00,1381.7,1246.28125,1375.71,135.41875000000005
2015-08-04 15:00:00,1317.89,1259.164306640625,1359.82,58.7256933593751
2015-08-04 16:00:00,1411.65,1279.2496337890625,1389.98,132.4003662109376
2015-08-04 17:00:00,1459.88,1289.374267578125,1471.45,170.5057324218751
2015-08-04 18:00:00,1411.65,1276.63037109375,1451.58,135.0196289062501
2015-08-04 19:00:00,1423.63,1268.0068359375,1441.6,155.6231640625001
2015-08-04 20:00:00,1351.75,1253.5413818359375,1415.29,98.2086181640625
2015-08-04 21:00:00,1359.73,1266.72216796875,1293.94,93.00783203125002
2015-08-04 22:00:00,1225.96,1072.6781005859375,1180.27,153.28189941406254
2015-08-04 23:00:00,1042.75,1137.2894287109375,1122.13,94.5394287109375
2015-08-05 00:00:00,976.75,970.4140625,1044.26,6.3359375
2015-08-05 01:00:00,942.43,933.0740966796875,990.35,9.35590332031245
2015-08-05 02:00:00,738.77,891.1635131835938,978.37,152.39351318359377
2015-08-05 03:00:00,541.39,755.2495727539062,940.43,213.85957275390626
2015-08-05 04:00:00,1036.27,612.0775146484375,948.42,424.1924853515625
2015-08-05 05:00:00,976.44,1032.5660400390625,974.45,56.126040039062445
2015-08-05 06:00:00,1038.27,902.5823364257812,1102.4,135.68766357421873
2015-08-05 07:00:00,1229.95,1117.344482421875,1267.89,112.60551757812505
2015-08-05 08:00:00,1292.12,1262.1357421875,1313.81,29.98425781249989
2015-08-05 09:00:00,1345.76,1276.5303955078125,1329.78,69.22960449218749
2015-08-05 10:00:00,1435.61,1281.334716796875,1415.64,154.2752832031249
2015-08-05 11:00:00,1401.66,1273.5513916015625,1399.67,128.10860839843758
2015-08-05 12:00:00,1427.72,1270.98193359375,1433.61,156.73806640625003
2015-08-05 13:00:00,1371.71,1263.5667724609375,1445.59,108.14322753906254
2015-08-05 14:00:00,1369.72,1246.28125,1381.7,123.43875000000003
2015-08-05 15:00:00,1343.76,1259.164306640625,1317.89,84.59569335937499
2015-08-05 16:00:00,1411.65,1279.2496337890625,1411.65,132.4003662109376
2015-08-05 17:00:00,1431.61,1289.374267578125,1459.88,142.2357324218749
2015-08-05 18:00:00,1417.93,1276.63037109375,1411.65,141.29962890625006
2015-08-05 19:00:00,1431.61,1268.0068359375,1423.63,163.6031640624999
2015-08-05 20:00:00,1399.77,1253.5413818359375,1351.75,146.22861816406248
2015-08-05 21:00:00,1363.73,1266.72216796875,1359.73,97.00783203125002
2015-08-05 22:00:00,1299.83,1072.6781005859375,1225.96,227.15189941406243
2015-08-05 23:00:00,1110.15,1162.15380859375,1042.75,52.00380859374991
2015-08-06 00:00:00,1012.31,1090.9052734375,976.75,78.59527343750005
2015-08-06 01:00:00,988.35,962.2960205078125,942.43,26.053979492187523
2015-08-06 02:00:00,940.43,914.4781494140625,738.77,25.95185058593745
2015-08-06 03:00:00,928.45,883.9229736328125,541.39,44.527026367187545
2015-08-06 04:00:00,948.68,948.3795776367188,1036.27,0.3004223632812
2015-08-06 05:00:00,970.38,965.9053344726562,976.44,4.4746655273437455
2015-08-06 06:00:00,1138.97,1003.5633544921875,1038.27,135.40664550781253
2015-08-06 07:00:00,1209.98,1191.79931640625,1229.95,18.180683593750018
2015-08-06 08:00:00,1301.83,1238.922607421875,1292.12,62.90739257812493
2015-08-06 09:00:00,1311.81,1279.0091552734375,1345.76,32.800844726562445
2015-08-06 10:00:00,1377.43,1281.334716796875,1435.61,96.09528320312506
2015-08-06 11:00:00,1375.71,1273.5513916015625,1401.66,102.15860839843754
2015-08-06 12:00:00,1357.74,1270.98193359375,1427.72,86.75806640625001
2015-08-06 13:00:00,1211.98,1263.5667724609375,1371.71,51.58677246093748
2015-08-06 14:00:00,1164.06,1176.990234375,1369.72,12.930234375000055
2015-08-06 15:00:00,1182.03,1155.1715087890625,1343.76,26.858491210937473
2015-08-06 16:00:00,1178.04,1168.25732421875,1411.65,9.782675781249964
2015-08-06 17:00:00,1196.01,1186.7869873046875,1431.61,9.223012695312491
2015-08-06 18:00:00,1200.09,1190.2381591796875,1417.93,9.851840820312418
2015-08-06 19:00:00,1215.97,1200.774169921875,1431.61,15.195830078125027
2015-08-06 20:00:00,1172.28,1202.8851318359375,1399.77,30.605131835937527
2015-08-06 21:00:00,1154.08,1135.830810546875,1363.73,18.249189453124927
2015-08-06 22:00:00,946.42,1087.4288330078125,1299.83,141.00883300781254
2015-08-06 23:00:00,822.63,837.2449340820312,1110.15,14.614934082031255
2015-08-07 00:00:00,790.68,807.7894287109375,1012.31,17.10942871093755
2015-08-07 01:00:00,762.79,776.8372192382812,988.35,14.047219238281286
2015-08-07 02:00:00,760.73,762.85302734375,940.43,2.123027343749982
2015-08-07 03:00:00,762.73,758.8946533203125,928.45,3.835346679687518
2015-08-07 04:00:00,782.7,794.13525390625,948.68,11.435253906249955
2015-08-07 05:00:00,998.55,817.1119384765625,970.38,181.43806152343745
2015-08-07 06:00:00,978.37,1057.8997802734375,1138.97,79.5297802734375
2015-08-07 07:00:00,1042.26,1070.5032958984375,1209.98,28.24329589843751
2015-08-07 08:00:00,1114.14,1088.27783203125,1301.83,25.8621679687501
2015-08-07 09:00:00,1066.22,1130.264892578125,1311.81,64.04489257812497
2015-08-07 10:00:00,1156.07,1034.09228515625,1377.43,121.97771484374994
2015-08-07 11:00:00,1254.0,1155.8006591796875,1375.71,98.1993408203125
2015-08-07 12:00:00,1241.93,1264.4468994140625,1357.74,22.516899414062436
2015-08-07 13:00:00,1228.04,1216.217529296875,1211.98,11.822470703124964
2015-08-07 14:00:00,1164.06,1199.0665283203125,1164.06,35.006528320312555
2015-08-07 15:00:00,1152.08,1155.100830078125,1182.03,3.0208300781250728
2015-08-07 16:00:00,1179.98,1154.900146484375,1178.04,25.079853515625018
2015-08-07 17:00:00,1247.92,1186.71630859375,1196.01,61.20369140625007
2015-08-07 18:00:00,1207.99,1212.6561279296875,1200.09,4.666127929687491
2015-08-07 19:00:00,1219.97,1200.7034912109375,1215.97,19.266508789062527
2015-08-07 20:00:00,1202.24,1202.49658203125,1172.28,0.2565820312499909
2015-08-07 21:00:00,1184.03,1179.519775390625,1154.08,4.510224609374973
2015-08-07 22:00:00,1106.16,1072.1451416015625,946.42,34.01485839843758
2015-08-07 23:00:00,1020.3,1010.3177490234375,822.63,9.982250976562455
2015-08-08 00:00:00,964.39,856.3821411132812,790.68,108.00785888671874
2015-08-08 01:00:00,940.5,905.8172607421875,762.79,34.6827392578125
2015-08-08 02:00:00,928.45,867.5949096679688,760.73,60.855090332031295
2015-08-08 03:00:00,906.49,920.8324584960938,762.73,14.342458496093741
2015-08-08 04:00:00,914.67,875.6318359375,782.7,39.03816406249996
2015-08-08 05:00:00,990.35,905.4641723632812,998.55,84.88582763671877
2015-08-08 06:00:00,998.34,1018.251708984375,978.37,19.911708984374968
2015-08-08 07:00:00,1034.28,1082.400390625,1042.26,48.12039062500003
2015-08-08 08:00:00,1128.12,1097.664306640625,1114.14,30.45569335937489
2015-08-08 09:00:00,1198.0,1102.3016357421875,1066.22,95.6983642578125
2015-08-08 10:00:00,1214.06,1212.2979736328125,1156.07,1.7620263671874454
2015-08-08 11:00:00,1245.92,1227.2177734375,1254.0,18.702226562500073
2015-08-08 12:00:00,1211.98,1222.4241943359375,1241.93,10.444194335937482
2015-08-08 13:00:00,1206.24,1196.263427734375,1228.04,9.976572265625009
2015-08-08 14:00:00,1152.08,1178.2579345703125,1164.06,26.177934570312573
2015-08-08 15:00:00,1122.13,1141.8143310546875,1152.08,19.68433105468739
2015-08-08 16:00:00,1194.01,1136.4990234375,1179.98,57.51097656249999
2015-08-08 17:00:00,1219.97,1228.2257080078125,1247.92,8.255708007812473
2015-08-08 18:00:00,1227.95,1212.6561279296875,1207.99,15.293872070312545
2015-08-08 19:00:00,1220.05,1219.4490966796875,1219.97,0.6009033203124545
2015-08-08 20:00:00,993.74,1202.49658203125,1202.24,208.75658203125
2015-08-08 21:00:00,928.45,965.0010986328125,1184.03,36.551098632812455
2015-08-08 22:00:00,834.61,905.7306518554688,1106.16,71.12065185546874
2015-08-08 23:00:00,793.6,768.2159423828125,1020.3,25.384057617187523
2015-08-09 00:00:00,770.72,784.920166015625,964.39,14.200166015624973
2015-08-09 01:00:00,764.79,766.8441772460938,940.5,2.0541772460937864
2015-08-09 02:00:00,742.76,742.3743286132812,928.45,0.3856713867187409
2015-08-09 03:00:00,734.92,746.5769653320312,906.49,11.656965332031291
2015-08-09 04:00:00,768.72,785.1255493164062,914.67,16.405549316406223
2015-08-09 05:00:00,776.71,832.8055419921875,990.35,56.095541992187464
2015-08-09 06:00:00,1038.27,851.2205810546875,998.34,187.04941894531248
2015-08-09 07:00:00,1064.23,1126.114013671875,1034.28,61.88401367187498
2015-08-09 08:00:00,1074.21,1096.7762451171875,1128.12,22.566245117187464
2015-08-09 09:00:00,1094.18,1093.1605224609375,1198.0,1.0194775390625637
2015-08-09 10:00:00,1160.14,1093.855224609375,1214.06,66.2847753906251
2015-08-09 11:00:00,1207.99,1153.638427734375,1245.92,54.35157226562501
2015-08-09 12:00:00,1192.27,1201.9456787109375,1211.98,9.675678710937518
2015-08-09 13:00:00,1200.0,1196.263427734375,1206.24,3.736572265625
2015-08-09 14:00:00,1124.13,1178.2579345703125,1152.08,54.12793457031239
2015-08-09 15:00:00,1090.18,1123.4132080078125,1122.13,33.233208007812436
2015-08-09 16:00:00,1136.11,1090.6868896484375,1194.01,45.4231103515624
2015-08-09 17:00:00,1237.94,1151.4185791015625,1219.97,86.52142089843755
2015-08-09 18:00:00,1205.99,1212.92822265625,1227.95,6.938222656249991
2015-08-09 19:00:00,1204.08,1200.7034912109375,1220.05,3.3765087890624272
2015-08-09 20:00:00,1154.08,1173.6607666015625,993.74,19.580766601562573
2015-08-09 21:00:00,992.54,1088.59228515625,928.45,96.05228515625004
2015-08-09 22:00:00,858.57,917.7383422851562,834.61,59.1683422851562
2015-08-09 23:00:00,846.59,798.5231323242188,793.6,48.06686767578128
2015-08-10 00:00:00,798.67,783.876708984375,770.72,14.793291015624959
2015-08-10 01:00:00,784.69,780.37060546875,764.79,4.319394531250055
2015-08-10 02:00:00,782.44,740.2518310546875,742.76,42.188168945312555
2015-08-10 03:00:00,772.87,739.1387329101562,734.92,33.731267089843755
2015-08-10 04:00:00,758.8,765.4589233398438,768.72,6.6589233398437955
2015-08-10 05:00:00,874.54,770.376708984375,776.71,104.16329101562496
2015-08-10 06:00:00,1002.94,912.1217041015625,1038.27,90.81829589843755
2015-08-10 07:00:00,1002.33,1099.4315185546875,1064.23,97.10151855468746
2015-08-10 08:00:00,1096.17,1075.6968994140625,1074.21,20.473100585937573
2015-08-10 09:00:00,1138.1,1103.4639892578125,1094.18,34.63601074218741
2015-08-10 10:00:00,1202.08,1134.0650634765625,1160.14,68.01493652343743
2015-08-10 11:00:00,1229.95,1210.5643310546875,1207.99,19.385668945312545
2015-08-10 12:00:00,1242.18,1222.4241943359375,1192.27,19.755805664062564
2015-08-10 13:00:00,1202.0,1215.009033203125,1200.0,13.009033203125
2015-08-10 14:00:00,1138.1,1175.3436279296875,1124.13,37.24362792968759
2015-08-10 15:00:00,1160.07,1106.7947998046875,1090.18,53.275200195312436
2015-08-10 16:00:00,1164.06,1154.900146484375,1136.11,9.159853515624945
2015-08-10 17:00:00,1215.97,1186.71630859375,1237.94,29.253691406250027
2015-08-10 18:00:00,1209.98,1212.6561279296875,1205.99,2.676127929687482
2015-08-10 19:00:00,1178.13,1200.7034912109375,1204.08,22.57349121093739
2015-08-10 20:00:00,1078.41,1139.9913330078125,1154.08,61.58133300781242
2015-08-10 21:00:00,900.5,1049.4644775390625,992.54,148.9644775390625
2015-08-10 22:00:00,824.63,848.7340087890625,858.57,24.104008789062505
2015-08-10 23:00:00,790.68,771.1690063476562,846.59,19.5109936523437
2015-08-11 00:00:00,794.68,757.8612670898438,798.67,36.8187329101562
2015-08-11 01:00:00,760.73,742.1797485351562,784.69,18.550251464843768
2015-08-11 02:00:00,746.76,727.9612426757812,782.44,18.79875732421874
2015-08-11 03:00:00,722.8,749.9340209960938,772.87,27.134020996093795
2015-08-11 04:00:00,748.81,743.1713256835938,758.8,5.638674316406195
2015-08-11 05:00:00,784.85,782.9274291992188,874.54,1.9225708007812727
2015-08-11 06:00:00,958.4,838.709228515625,1002.94,119.69077148437498
2015-08-11 07:00:00,946.42,1034.572509765625,1002.33,88.15250976562504
2015-08-11 08:00:00,1008.32,954.7650756835938,1096.17,53.5549243164063
2015-08-11 09:00:00,1052.49,1049.99609375,1138.1,2.493906250000009
2015-08-11 10:00:00,1164.06,1061.354736328125,1202.08,102.70526367187495
2015-08-11 11:00:00,1176.28,1160.7020263671875,1229.95,15.577973632812473
2015-08-11 12:00:00,1162.33,1155.6141357421875,1242.18,6.715864257812427
2015-08-11 13:00:00,1144.09,1139.21728515625,1202.0,4.872714843749918
2015-08-11 14:00:00,1094.18,1113.8740234375,1138.1,19.694023437499936
2015-08-11 15:00:00,1016.31,1077.60107421875,1160.07,61.291074218750055
2015-08-11 16:00:00,1014.31,1019.5078125,1164.06,5.197812500000055
2015-08-11 17:00:00,1058.24,1029.0831298828125,1215.97,29.15687011718751
2015-08-11 18:00:00,942.43,1040.053466796875,1209.98,97.62346679687505
2015-08-11 19:00:00,908.65,884.4192504882812,1178.13,24.230749511718727
2015-08-11 20:00:00,902.58,905.985595703125,1078.41,3.405595703124959
2015-08-11 21:00:00,902.5,885.69140625,900.5,16.80859375
2015-08-11 22:00:00,856.57,867.4212646484375,824.63,10.85126464843745
2015-08-11 23:00:00,804.66,779.3167114257812,790.68,25.343288574218718
2015-08-12 00:00:00,786.69,753.0953979492188,794.68,33.594602050781305
2015-08-12 01:00:00,742.76,753.0786743164062,760.73,10.318674316406259
2015-08-12 02:00:00,738.77,699.812255859375,746.76,38.95774414062498
2015-08-12 03:00:00,722.93,704.9392700195312,722.8,17.9907299804687
2015-08-12 04:00:00,736.84,732.3737182617188,748.81,4.466281738281282
2015-08-12 05:00:00,794.68,763.0673217773438,784.85,31.6126782226562
2015-08-12 06:00:00,902.5,833.6218872070312,958.4,68.87811279296875
2015-08-12 07:00:00,986.36,948.1159057617188,946.42,38.244094238281264
2015-08-12 08:00:00,1042.26,1028.4986572265625,1008.32,13.761342773437491
2015-08-12 09:00:00,1072.21,1032.631103515625,1052.49,39.578896484375036
2015-08-12 10:00:00,1130.12,1090.495361328125,1164.06,39.62463867187489
2015-08-12 11:00:00,1136.34,1134.0118408203125,1176.28,2.328159179687418
2015-08-12 12:00:00,942.43,1126.4984130859375,1162.33,184.06841308593755
2015-08-12 13:00:00,926.54,843.83740234375,1144.09,82.70259765624996
2015-08-12 14:00:00,890.52,937.3292236328125,1094.18,46.80922363281252
2015-08-12 15:00:00,896.51,885.8890991210938,1016.31,10.620900878906241
2015-08-12 16:00:00,907.17,908.0250854492188,1014.31,0.8550854492187909
2015-08-12 17:00:00,1042.46,936.8923950195312,1058.24,105.56760498046879
2015-08-12 18:00:00,1132.11,1031.22607421875,942.43,100.8839257812499
2015-08-12 19:00:00,936.52,1089.072021484375,908.65,152.55202148437502
2015-08-12 20:00:00,962.49,864.5254516601562,902.58,97.96454833984376
2015-08-12 21:00:00,934.44,957.0191040039062,902.5,22.579104003906195
2015-08-12 22:00:00,868.55,881.9525146484375,856.57,13.402514648437545
2015-08-12 23:00:00,836.61,805.858154296875,804.66,30.751845703125014
2015-08-13 00:00:00,790.68,780.0248413085938,786.69,10.6551586914062
2015-08-13 01:00:00,746.76,729.2909545898438,742.76,17.46904541015624
2015-08-13 02:00:00,756.88,701.1273193359375,738.77,55.752680664062495
2015-08-13 03:00:00,748.75,717.294189453125,722.93,31.455810546875
2015-08-13 04:00:00,750.82,719.7145385742188,736.84,31.1054614257813
2015-08-13 05:00:00,778.7,772.409423828125,794.68,6.2905761718750455
2015-08-13 06:00:00,826.62,798.917236328125,902.5,27.702763671875005
2015-08-13 07:00:00,838.6,899.7213134765625,986.36,61.12131347656248
2015-08-13 08:00:00,1110.15,888.5402221679688,1042.26,221.60977783203134
2015-08-13 09:00:00,1176.04,1114.9349365234375,1072.21,61.105063476562464
2015-08-13 10:00:00,1170.29,1164.803466796875,1130.12,5.486533203124964
2015-08-13 11:00:00,1205.99,1166.8046875,1136.34,39.18531250000001
2015-08-13 12:00:00,1204.08,1192.5987548828125,942.43,11.481245117187427
2015-08-13 13:00:00,1126.12,1158.1846923828125,926.54,32.06469238281261
2015-08-13 14:00:00,1020.3,1085.2628173828125,890.52,64.96281738281255
2015-08-13 15:00:00,1030.28,957.1788940429688,896.51,73.10110595703122
2015-08-13 16:00:00,926.46,1010.3041381835938,907.17,83.84413818359371
2015-08-13 17:00:00,960.4,931.5885620117188,1042.46,28.811437988281227
2015-08-13 18:00:00,936.44,987.1033325195312,1132.11,50.663332519531195
2015-08-13 19:00:00,980.54,917.69189453125,936.52,62.848105468749964
2015-08-13 20:00:00,922.55,961.5474853515625,962.49,38.997485351562545
2015-08-13 21:00:00,896.51,900.8709106445312,934.44,4.360910644531259
2015-08-13 22:00:00,862.72,849.1303100585938,868.55,13.589689941406277
2015-08-13 23:00:00,794.68,789.0020141601562,836.61,5.6779858398437
2015-08-14 00:00:00,764.73,750.3104248046875,790.68,14.419575195312518
2015-08-14 01:00:00,736.58,694.718505859375,746.76,41.86149414062504
2015-08-14 02:00:00,716.87,732.0396728515625,756.88,15.169672851562495
2015-08-14 03:00:00,728.79,720.4448852539062,748.75,8.345114746093714
2015-08-14 04:00:00,716.81,732.3737182617188,750.82,15.563718261718805
2015-08-14 05:00:00,818.64,756.0126953125,778.7,62.627304687499986
2015-08-14 06:00:00,924.46,832.22216796875,826.62,92.23783203125004
2015-08-14 07:00:00,958.4,944.6769409179688,838.6,13.723059082031227
2015-08-14 08:00:00,1024.29,1033.179931640625,1110.15,8.889931640625036
2015-08-14 09:00:00,1080.2,1041.193359375,1176.04,39.006640625000045
2015-08-14 10:00:00,1174.28,1090.2296142578125,1170.29,84.05038574218747
2015-08-14 11:00:00,1130.2,1163.4876708984375,1205.99,33.287670898437455
2015-08-14 12:00:00,1140.1,1126.4984130859375,1204.08,13.601586914062409
2015-08-14 13:00:00,1094.18,1121.123779296875,1126.12,26.943779296874936
2015-08-14 14:00:00,1058.24,1053.2086181640625,1020.3,5.031381835937509
2015-08-14 15:00:00,1002.33,1019.1055908203125,1030.28,16.77559082031246
2015-08-14 16:00:00,1060.23,993.3982543945312,926.46,66.83174560546877
2015-08-14 17:00:00,1082.2,1051.1954345703125,960.4,31.004565429687545
2015-08-14 18:00:00,1060.23,1054.3514404296875,936.44,5.878559570312518
2015-08-14 19:00:00,1030.57,1024.498291015625,980.54,6.071708984374936
2015-08-14 20:00:00,996.34,969.4584350585938,922.55,26.881564941406282
2015-08-14 21:00:00,730.78,971.0856323242188,896.51,240.30563232421878
2015-08-14 22:00:00,832.61,760.248779296875,862.72,72.36122070312501
2015-08-14 23:00:00,814.64,824.7007446289062,794.68,10.060744628906264
2015-08-15 00:00:00,786.69,747.7940673828125,764.73,38.895932617187555
2015-08-15 01:00:00,764.73,728.3992309570312,736.58,36.33076904296877
2015-08-15 02:00:00,766.72,725.7337036132812,716.87,40.98629638671878
2015-08-15 03:00:00,750.75,718.12109375,728.79,32.62890625
2015-08-15 04:00:00,752.89,725.8522338867188,716.81,27.037766113281236
2015-08-15 05:00:00,808.88,781.2377319335938,818.64,27.642268066406245
2015-08-15 06:00:00,890.52,816.069580078125,924.46,74.45041992187498
2015-08-15 07:00:00,956.41,973.9318237304688,958.4,17.521823730468782
2015-08-15 08:00:00,976.87,1013.374755859375,1024.29,36.504755859374995
2015-08-15 09:00:00,994.34,986.0694580078125,1080.2,8.270541992187532
2015-08-15 10:00:00,1046.47,1030.7269287109375,1174.28,15.743071289062527
2015-08-15 11:00:00,1098.25,1058.515869140625,1130.2,39.734130859375
2015-08-15 12:00:00,1102.16,1107.9888916015625,1140.1,5.828891601562418
2015-08-15 13:00:00,1056.24,1100.24462890625,1094.18,44.00462890624999
2015-08-15 14:00:00,1006.32,997.79931640625,1058.24,8.52068359375005
2015-08-15 15:00:00,1016.31,1000.7944946289062,1002.33,15.515505371093695
2015-08-15 16:00:00,996.34,1022.00537109375,1060.23,25.665371093749968
2015-08-15 17:00:00,1064.23,1013.2274169921875,1082.2,51.00258300781252
2015-08-15 18:00:00,1080.2,1029.5953369140625,1060.23,50.604663085937545
2015-08-15 19:00:00,1094.27,1054.0084228515625,1030.57,40.26157714843748
2015-08-15 20:00:00,1080.41,1048.9603271484375,996.34,31.449672851562582
2015-08-15 21:00:00,976.37,945.9075927734375,730.78,30.462407226562505
2015-08-15 22:00:00,832.61,894.2727661132812,832.61,61.662766113281236
2015-08-15 23:00:00,820.63,777.5028076171875,814.64,43.127192382812495
2015-08-16 00:00:00,778.7,787.7892456054688,786.69,9.089245605468705
2015-08-16 01:00:00,746.76,769.75048828125,764.73,22.99048828125001
2015-08-16 02:00:00,734.78,735.2987060546875,766.72,0.5187060546875273
2015-08-16 03:00:00,740.83,729.7017822265625,750.75,11.128217773437541
2015-08-16 04:00:00,740.91,733.5101928710938,752.89,7.399807128906218
2015-08-16 05:00:00,752.75,786.3036499023438,808.88,33.55364990234375
2015-08-16 06:00:00,926.46,790.5661010742188,890.52,135.8938989257813
2015-08-16 07:00:00,962.4,991.1969604492188,956.41,28.796960449218773
2015-08-16 08:00:00,974.38,992.622802734375,976.87,18.242802734375005
2015-08-16 09:00:00,1004.33,978.23095703125,994.34,26.09904296875004
2015-08-16 10:00:00,1072.21,1034.2435302734375,1046.47,37.966469726562536
2015-08-16 11:00:00,1090.27,1089.94677734375,1098.25,0.3232226562499818
2015-08-16 12:00:00,1039.47,1077.884765625,1102.16,38.41476562499997
2015-08-16 13:00:00,850.58,981.2681884765625,1056.24,130.68818847656246
2015-08-16 14:00:00,1048.25,798.8935546875,1006.32,249.3564453125
2015-08-16 15:00:00,993.27,1040.43017578125,1016.31,47.16017578125002
2015-08-16 16:00:00,1044.26,976.7109985351562,996.34,67.54900146484374
2015-08-16 17:00:00,1062.31,1040.9483642578125,1064.23,21.361635742187445
2015-08-16 18:00:00,1026.49,1035.8275146484375,1080.2,9.337514648437491
2015-08-16 19:00:00,1046.26,1006.2093505859375,1094.27,40.05064941406249
2015-08-16 20:00:00,998.34,1032.46044921875,1080.41,34.12044921874997
2015-08-16 21:00:00,832.61,952.3322143554688,976.37,119.72221435546874
2015-08-16 22:00:00,822.63,787.5355834960938,832.61,35.094416503906245
2015-08-16 23:00:00,770.72,767.083740234375,820.63,3.6362597656250273
2015-08-17 00:00:00,764.73,723.8988647460938,778.7,40.83113525390627
2015-08-17 01:00:00,734.78,676.6553955078125,746.76,58.12460449218747
2015-08-17 02:00:00,706.89,696.016357421875,734.78,10.873642578124986
2015-08-17 03:00:00,700.96,699.0070190429688,740.83,1.9529809570312864
2015-08-17 04:00:00,692.85,701.678955078125,740.91,8.828955078124977
2015-08-17 05:00:00,752.75,731.2181396484375,752.75,21.5318603515625
2015-08-17 06:00:00,776.71,805.1102905273438,926.46,28.400290527343714
2015-08-17 07:00:00,810.65,854.6844482421875,962.4,44.03444824218752
2015-08-17 08:00:00,858.57,849.4484252929688,974.38,9.1215747070313
2015-08-17 09:00:00,1054.24,866.6498413085938,1004.33,187.59015869140626
2015-08-17 10:00:00,1116.14,1052.474609375,1072.21,63.6653906250001
2015-08-17 11:00:00,1216.23,1115.7001953125,1090.27,100.52980468750002
2015-08-17 12:00:00,1200.08,1212.1617431640625,1039.47,12.081743164062573
2015-08-17 13:00:00,1104.16,1174.8819580078125,850.58,70.72195800781242
2015-08-17 14:00:00,1052.25,1074.6434326171875,1048.25,22.3934326171875
2015-08-17 15:00:00,1034.28,1011.0033569335938,993.27,23.276643066406223
2015-08-17 16:00:00,1133.33,1030.753662109375,1044.26,102.57633789062493
2015-08-17 17:00:00,1149.84,1109.8101806640625,1062.31,40.02981933593742
2015-08-17 18:00:00,1122.29,1106.22314453125,1026.49,16.066855468749964
2015-08-17 19:00:00,1100.17,1102.0208740234375,1046.26,1.8508740234374272
2015-08-17 20:00:00,1102.26,1068.0604248046875,998.34,34.19957519531249
2015-08-17 21:00:00,952.49,1071.7786865234375,832.61,119.28868652343749
2015-08-17 22:00:00,852.58,870.5787963867188,822.63,17.99879638671871
2015-08-17 23:00:00,802.66,769.9374389648438,770.72,32.72256103515622
2015-08-18 00:00:00,764.73,760.2478637695312,764.73,4.482136230468768
2015-08-18 01:00:00,744.76,693.5447387695312,734.78,51.21526123046874
2015-08-18 02:00:00,732.92,702.7296752929688,706.89,30.19032470703121
2015-08-18 03:00:00,724.85,697.4878540039062,700.96,27.362145996093773
2015-08-18 04:00:00,746.76,700.1597900390625,692.85,46.60020996093749
2015-08-18 05:00:00,734.78,740.1695556640625,752.75,5.389555664062527
2015-08-18 06:00:00,956.41,759.7382202148438,776.71,196.67177978515622
2015-08-18 07:00:00,974.38,994.7913208007812,810.65,20.411320800781255
2015-08-18 08:00:00,1044.26,928.6062622070312,858.57,115.65373779296874
2015-08-18 09:00:00,1060.23,1050.313232421875,1054.24,9.916767578125018
2015-08-18 10:00:00,1148.32,1059.3780517578125,1116.14,88.94194824218744
2015-08-18 11:00:00,1184.03,1152.4129638671875,1216.23,31.617036132812473
2015-08-18 12:00:00,1176.12,1201.9456787109375,1200.08,25.82567871093761
2015-08-18 13:00:00,1158.07,1153.6717529296875,1104.16,4.398247070312436
2015-08-18 14:00:00,1094.18,1108.3668212890625,1052.25,14.186821289062436
2015-08-18 15:00:00,1182.03,1060.4569091796875,1034.28,121.57309082031247
2015-08-18 16:00:00,1263.89,1165.217041015625,1133.33,98.6729589843751
2015-08-18 17:00:00,1221.96,1291.7950439453125,1149.84,69.83504394531246
2015-08-18 18:00:00,1223.96,1213.8646240234375,1122.29,10.095375976562536
2015-08-18 19:00:00,1152.31,1222.6800537109375,1100.17,70.37005371093755
2015-08-18 20:00:00,1086.19,1121.2052001953125,1102.26,35.015200195312445
2015-08-18 21:00:00,950.51,1058.072998046875,952.49,107.56299804687501
2015-08-18 22:00:00,872.55,888.3588256835938,852.58,15.808825683593795
2015-08-18 23:00:00,836.61,794.3101196289062,802.66,42.299880371093764
2015-08-19 00:00:00,790.68,780.0248413085938,764.73,10.6551586914062
2015-08-19 01:00:00,727.31,729.2909545898438,744.76,1.9809545898438046
2015-08-19 02:00:00,726.79,696.6395874023438,732.92,30.150412597656214
2015-08-19 03:00:00,712.81,704.9392700195312,724.85,7.870729980468695
2015-08-19 04:00:00,730.2,700.4013671875,746.76,29.798632812500045
2015-08-19 05:00:00,734.78,711.2514038085938,734.78,23.528596191406223
2015-08-19 06:00:00,786.69,826.2559814453125,956.41,39.565981445312445
2015-08-19 07:00:00,974.38,894.2069091796875,974.38,80.1730908203125
2015-08-19 08:00:00,982.36,973.2357177734375,1044.26,9.124282226562514
2015-08-19 09:00:00,1042.26,987.0289916992188,1060.23,55.23100830078124
2015-08-19 10:00:00,1146.32,1064.567138671875,1148.32,81.75286132812494
2015-08-19 11:00:00,1152.08,1151.8697509765625,1184.03,0.21024902343742724
2015-08-19 12:00:00,1110.15,1142.32763671875,1176.12,32.17763671874991
2015-08-19 13:00:00,1072.29,1121.123779296875,1158.07,48.833779296875036
2015-08-19 14:00:00,990.35,1065.206787109375,1094.18,74.85678710937498
2015-08-19 15:00:00,1010.32,947.5176391601562,1182.03,62.8023608398438
2015-08-19 16:00:00,1050.25,1041.8916015625,1263.89,8.3583984375
2015-08-19 17:00:00,1082.2,1044.8323974609375,1221.96,37.367602539062545
2015-08-19 18:00:00,1052.25,1068.7613525390625,1223.96,16.5113525390625
2015-08-19 19:00:00,1074.42,1027.073486328125,1152.31,47.34651367187507
2015-08-19 20:00:00,1060.23,1057.4876708984375,1086.19,2.742329101562518
2015-08-19 21:00:00,940.43,1008.3644409179688,950.51,67.9344409179688
2015-08-19 22:00:00,862.56,859.606201171875,872.55,2.9537988281249454
2015-08-19 23:00:00,848.66,790.6695556640625,836.61,57.99044433593747
2015-08-20 00:00:00,782.7,788.8472290039062,790.68,6.1472290039062045
2015-08-20 01:00:00,758.74,720.26806640625,727.31,38.47193359375001
2015-08-20 02:00:00,754.74,721.25390625,726.79,33.48609375000001
2015-08-20 03:00:00,738.77,718.3662719726562,712.81,20.403728027343732
2015-08-20 04:00:00,756.89,704.8734741210938,730.2,52.016525878906236
2015-08-20 05:00:00,750.75,724.8839111328125,734.78,25.8660888671875
2015-08-20 06:00:00,992.35,773.8297119140625,786.69,218.52028808593752
2015-08-20 07:00:00,992.49,1078.96826171875,974.38,86.47826171874999
2015-08-20 08:00:00,1024.37,1019.4920654296875,982.36,4.877934570312391
2015-08-20 09:00:00,1104.16,1003.1812133789062,1042.26,100.97878662109383
2015-08-20 10:00:00,1164.29,1122.8897705078125,1146.32,41.400229492187464
2015-08-20 11:00:00,1193.77,1163.4876708984375,1152.08,30.282329101562482
2015-08-20 12:00:00,1188.02,1205.5926513671875,1110.15,17.572651367187518
2015-08-20 13:00:00,1154.08,1179.190185546875,1072.29,25.110185546875073
2015-08-20 14:00:00,1122.13,1115.3255615234375,990.35,6.804438476562609
2015-08-20 15:00:00,1114.23,1108.123779296875,1010.32,6.106220703125018
2015-08-20 16:00:00,1102.16,1110.2940673828125,1050.25,8.134067382812418
2015-08-20 17:00:00,1130.12,1124.3798828125,1082.2,5.740117187499891
2015-08-20 18:00:00,1142.1,1096.3890380859375,1052.25,45.71096191406241
2015-08-20 19:00:00,1108.37,1120.422119140625,1074.42,12.05211914062511
2015-08-20 20:00:00,1060.23,1078.400634765625,1060.23,18.170634765624982
2015-08-20 21:00:00,988.35,991.5294799804688,940.43,3.1794799804687273
2015-08-20 22:00:00,956.41,895.902587890625,862.56,60.50741210937497
2015-08-20 23:00:00,770.72,868.3600463867188,848.66,97.64004638671872
2015-08-21 00:00:00,764.73,720.8863525390625,782.7,43.84364746093752
2015-08-21 01:00:00,728.85,744.9562377929688,758.74,16.106237792968727
2015-08-21 02:00:00,736.77,728.2076416015625,754.74,8.562358398437482
2015-08-21 03:00:00,728.79,704.9392700195312,738.77,23.850729980468714
2015-08-21 04:00:00,726.92,741.8937377929688,756.89,14.973737792968791
2015-08-21 05:00:00,758.74,737.29150390625,750.75,21.44849609375001
2015-08-21 06:00:00,814.64,835.81689453125,992.35,21.176894531250014
2015-08-21 07:00:00,948.42,889.1370239257812,992.49,59.28297607421871
2015-08-21 08:00:00,948.42,960.4620361328125,1024.37,12.042036132812541
2015-08-21 09:00:00,720.8,947.9552001953125,1104.16,227.15520019531255
2015-08-21 10:00:00,1034.35,837.1879272460938,1164.29,197.16207275390616
2015-08-21 11:00:00,1130.2,1086.0418701171875,1193.77,44.158129882812545
2015-08-21 12:00:00,1110.15,1074.274169921875,1188.02,35.87583007812509
2015-08-21 13:00:00,1148.32,1110.840576171875,1154.08,37.479423828124936
2015-08-21 14:00:00,1060.9,1113.8740234375,1122.13,52.97402343749991
2015-08-21 15:00:00,822.63,1023.359619140625,1114.23,200.729619140625
2015-08-21 16:00:00,1022.3,844.1981811523438,1102.16,178.1018188476562
2015-08-21 17:00:00,1040.44,1056.9117431640625,1130.12,16.471743164062445
2015-08-21 18:00:00,948.42,1040.703857421875,1142.1,92.28385742187504
2015-08-21 19:00:00,854.73,917.9357299804688,1108.37,63.20572998046873
2015-08-21 20:00:00,996.34,784.3975219726562,1060.23,211.94247802734378
2015-08-21 21:00:00,932.61,995.2990112304688,988.35,62.689011230468736
2015-08-21 22:00:00,880.53,887.439208984375,956.41,6.909208984375027
2015-08-21 23:00:00,814.64,791.7086791992188,770.72,22.931320800781236
2015-08-22 00:00:00,756.74,758.4528198242188,764.73,1.712819824218741
2015-08-22 01:00:00,740.83,713.12060546875,728.85,27.70939453125004
2015-08-22 02:00:00,742.76,705.44677734375,736.77,37.31322265624999
2015-08-22 03:00:00,750.75,706.6808471679688,728.79,44.06915283203125
2015-08-22 04:00:00,732.78,719.9661254882812,726.92,12.813874511718723
2015-08-22 05:00:00,782.7,745.6029663085938,758.74,37.097033691406295
2015-08-22 06:00:00,890.52,811.5571899414062,814.64,78.96281005859373
2015-08-22 07:00:00,828.62,940.607421875,948.42,111.987421875
2015-08-22 08:00:00,976.87,812.8241577148438,948.42,164.04584228515625
2015-08-22 09:00:00,1733.12,915.9234619140625,720.8,817.1965380859374
2015-08-22 10:00:00,892.59,1251.0177001953125,1034.35,358.42770019531247
2015-08-22 11:00:00,968.39,898.0631713867188,1130.2,70.32682861328124
2015-08-22 12:00:00,1116.14,1003.16015625,1110.15,112.9798437500001
2015-08-22 13:00:00,968.39,1116.443115234375,1148.32,148.053115234375
2015-08-22 14:00:00,958.4,888.4442749023438,1060.9,69.95572509765623
2015-08-22 15:00:00,840.75,963.4999389648438,822.63,122.74993896484375
2015-08-22 16:00:00,860.57,816.2614135742188,1022.3,44.3085864257813
2015-08-22 17:00:00,896.51,895.7880859375,1040.44,0.7219140624999909
2015-08-22 18:00:00,894.51,890.8113403320312,948.42,3.698659667968741
2015-08-22 19:00:00,1094.27,877.636962890625,854.73,216.63303710937498
2015-08-22 20:00:00,866.56,1036.516357421875,996.34,169.95635742187505
2015-08-22 21:00:00,867.61,811.3290405273438,932.61,56.280959472656264
2015-08-22 22:00:00,832.61,833.9139404296875,880.53,1.3039404296874864
2015-08-22 23:00:00,820.63,782.085693359375,814.64,38.544306640624995
2015-08-23 00:00:00,1469.5,775.0489501953125,756.74,694.4510498046875
2015-08-23 01:00:00,746.76,1195.5145263671875,740.83,448.7545263671875
2015-08-23 02:00:00,1417.76,705.0178833007812,742.76,712.7421166992187
2015-08-23 03:00:00,718.8,1332.951416015625,750.75,614.151416015625
2015-08-23 04:00:00,706.82,714.96337890625,732.78,8.14337890624995
2015-08-23 05:00:00,750.75,908.7894897460938,782.7,158.03948974609375
2015-08-23 06:00:00,577.18,796.4610595703125,890.52,219.28105957031255
2015-08-23 07:00:00,810.65,627.7913208007812,828.62,182.85867919921873
2015-08-23 08:00:00,862.56,938.9151000976562,976.87,76.3551000976563
2015-08-23 09:00:00,834.61,872.7235717773438,1733.12,38.113571777343736
2015-08-23 10:00:00,896.59,835.48583984375,892.59,61.10416015625003
2015-08-23 11:00:00,878.54,931.07861328125,968.39,52.538613281250036
2015-08-23 12:00:00,862.56,868.8739624023438,1116.14,6.313962402343805
2015-08-23 13:00:00,856.57,838.2631225585938,968.39,18.3068774414063
2015-08-23 14:00:00,1048.25,847.2516479492188,958.4,200.99835205078125
2015-08-23 15:00:00,993.27,1018.9522705078125,840.75,25.682270507812518
2015-08-23 16:00:00,864.56,967.119140625,860.57,102.55914062500005
2015-08-23 17:00:00,906.49,862.5764770507812,896.51,43.91352294921876
2015-08-23 18:00:00,894.51,898.1572875976562,894.51,3.647287597656259
2015-08-23 19:00:00,934.54,903.2935180664062,1094.27,31.246481933593714
2015-08-23 20:00:00,902.5,905.031982421875,866.56,2.531982421875
2015-08-23 21:00:00,874.54,884.1446533203125,867.61,9.604653320312536
2015-08-23 22:00:00,806.66,829.508056640625,832.61,22.848056640625032
2015-08-23 23:00:00,760.73,753.2529907226562,820.63,7.477009277343768
2015-08-24 00:00:00,714.81,797.13427734375,1469.5,82.32427734375005
2015-08-24 01:00:00,724.79,629.08935546875,746.76,95.70064453124996
2015-08-24 02:00:00,716.86,834.320068359375,1417.76,117.46006835937499
2015-08-24 03:00:00,717.66,697.7294311523438,718.8,19.930568847656218
2015-08-24 04:00:00,692.85,694.066650390625,706.82,1.2166503906249773
2015-08-24 05:00:00,762.73,730.0816650390625,750.75,32.64833496093752
2015-08-24 06:00:00,793.6,751.1552124023438,577.18,42.44478759765627
2015-08-24 07:00:00,810.65,838.2697143554688,810.65,27.619714355468773
2015-08-24 08:00:00,854.58,832.4508666992188,862.56,22.12913330078129
2015-08-24 09:00:00,840.61,852.2813720703125,834.61,11.671372070312486
2015-08-24 10:00:00,894.51,853.1087036132812,896.59,41.40129638671874
2015-08-24 11:00:00,896.59,909.86328125,878.54,13.273281249999968
2015-08-24 12:00:00,892.51,878.7727661132812,862.56,13.737233886718741
2015-08-24 13:00:00,862.56,880.1356201171875,856.57,17.575620117187555
2015-08-24 14:00:00,842.6,836.3698120117188,1048.25,6.230187988281273
2015-08-24 15:00:00,830.62,848.787353515625,993.27,18.167353515624995
2015-08-24 16:00:00,844.59,863.01416015625,864.56,18.424160156249968
2015-08-24 17:00:00,892.67,866.11376953125,906.49,26.55623046874996
2015-08-24 18:00:00,902.5,888.454833984375,894.51,14.045166015625
2015-08-24 19:00:00,896.51,894.23486328125,934.54,2.275136718749991
2015-08-24 20:00:00,876.54,855.0379638671875,902.5,21.502036132812464
2015-08-24 21:00:00,832.7,842.8399047851562,874.54,10.139904785156205
2015-08-24 22:00:00,652.91,796.9739379882812,806.66,144.06393798828128
2015-08-24 23:00:00,742.76,690.581787109375,760.73,52.17821289062499
2015-08-25 00:00:00,756.74,616.7658081054688,714.81,139.97419189453126
2015-08-25 01:00:00,744.9,655.3430786132812,724.79,89.55692138671873
2015-08-25 02:00:00,728.79,712.246337890625,716.86,16.543662109374964
2015-08-25 03:00:00,736.77,708.8431396484375,717.66,27.926860351562482
2015-08-25 04:00:00,732.78,700.1597900390625,692.85,32.62020996093747
2015-08-25 05:00:00,772.78,761.9449462890625,762.73,10.835053710937473
2015-08-25 06:00:00,788.69,769.5924682617188,793.6,19.097531738281305
2015-08-25 07:00:00,850.58,846.8126831054688,810.65,3.767316894531291
2015-08-25 08:00:00,838.6,849.8252563476562,854.58,11.225256347656227
2015-08-25 09:00:00,842.75,847.5557250976562,840.61,4.80572509765625
2015-08-25 10:00:00,1092.11,864.7340698242188,894.51,227.37593017578115
2015-08-25 11:00:00,1080.2,1068.544677734375,896.59,11.655322265625045
2015-08-25 12:00:00,1030.28,1031.79443359375,892.51,1.5144335937500273
2015-08-25 13:00:00,994.61,935.76220703125,862.56,58.847792968750014
2015-08-25 14:00:00,960.4,986.726318359375,842.6,26.326318359375023
2015-08-25 15:00:00,878.71,945.1131591796875,830.62,66.40315917968746
2015-08-25 16:00:00,862.56,865.3547973632812,844.59,2.7947973632813046
2015-08-25 17:00:00,888.52,865.518310546875,892.67,23.001689453124982
2015-08-25 18:00:00,918.47,886.4342041015625,902.5,32.03579589843753
2015-08-25 19:00:00,908.49,931.4555053710938,896.51,22.96550537109374
2015-08-25 20:00:00,896.6,862.2083740234375,876.54,34.39162597656252
2015-08-25 21:00:00,864.56,874.4713745117188,832.7,9.911374511718805
2015-08-25 22:00:00,746.76,782.0233154296875,652.91,35.26331542968751
2015-08-25 23:00:00,680.87,672.5805053710938,742.76,8.289494628906255
2015-08-26 00:00:00,666.89,607.099609375,756.74,59.790390624999986
2015-08-26 01:00:00,660.9,622.4989013671875,744.9,38.40109863281248
2015-08-26 02:00:00,674.88,621.9254760742188,728.79,52.954523925781245
2015-08-26 03:00:00,732.78,668.1643676757812,736.77,64.61563232421872
2015-08-26 04:00:00,750.82,699.0194702148438,732.78,51.8005297851563
2015-08-26 05:00:00,788.83,769.7627563476562,772.78,19.06724365234379
2015-08-26 06:00:00,826.62,793.28076171875,788.69,33.339238281250005
2015-08-26 07:00:00,880.53,879.2467651367188,850.58,1.2832348632812227
2015-08-26 08:00:00,804.66,888.5089111328125,838.6,83.84891113281253
2015-08-26 09:00:00,1120.13,799.57177734375,842.75,320.5582226562501
2015-08-26 10:00:00,1066.22,1132.955078125,1092.11,66.73507812499997
2015-08-26 11:00:00,916.47,1018.1381225585938,1080.2,101.66812255859372
2015-08-26 12:00:00,834.61,909.3250732421875,1030.28,74.71507324218749
2015-08-26 13:00:00,842.83,817.6708374023438,994.61,25.15916259765629
2015-08-26 14:00:00,862.56,826.2484130859375,960.4,36.311586914062445
2015-08-26 15:00:00,899.92,848.6994018554688,878.71,51.22059814453121
2015-08-26 16:00:00,914.48,907.44921875,862.56,7.030781250000018
2015-08-26 17:00:00,894.51,917.2612915039062,888.52,22.75129150390626
2015-08-26 18:00:00,883.97,890.2471313476562,918.47,6.277131347656223
2015-08-26 19:00:00,886.77,868.5314331054688,908.49,18.238566894531232
2015-08-26 20:00:00,872.55,854.1995849609375,896.6,18.350415039062455
2015-08-26 21:00:00,826.62,844.549072265625,864.56,17.929072265624995
2015-08-26 22:00:00,836.61,777.28466796875,746.76,59.325332031250014
2015-08-26 23:00:00,756.74,742.70361328125,680.87,14.036386718750009
2015-08-27 00:00:00,724.79,683.1078491210938,666.89,41.682150878906214
2015-08-27 01:00:00,700.83,691.18896484375,660.9,9.641035156250041
2015-08-27 02:00:00,680.87,673.6624755859375,674.88,7.2075244140625045
2015-08-27 03:00:00,668.89,660.5213623046875,732.78,8.368637695312486
2015-08-27 04:00:00,706.82,686.7542114257812,750.82,20.0657885742188
2015-08-27 05:00:00,718.93,777.6704711914062,788.83,58.7404711914063
2015-08-27 06:00:00,762.8,781.3176879882812,826.62,18.517687988281295
2015-08-27 07:00:00,834.61,813.2025756835938,880.53,21.407424316406264
2015-08-27 08:00:00,834.61,874.0983276367188,804.66,39.488327636718736
2015-08-27 09:00:00,868.55,867.986572265625,1120.13,0.5634277343749545
2015-08-27 10:00:00,864.56,895.2554931640625,1066.22,30.695493164062555
2015-08-27 11:00:00,1138.1,885.0977172851562,916.47,253.00228271484366
2015-08-27 12:00:00,1092.18,1104.12451171875,834.61,11.944511718749936
2015-08-27 13:00:00,1072.43,1014.5293579101562,842.83,57.900642089843814
2015-08-27 14:00:00,992.35,1024.154296875,862.56,31.804296874999977
2015-08-27 15:00:00,930.45,950.0819702148438,899.92,19.631970214843705
2015-08-27 16:00:00,968.46,927.0773315429688,914.48,41.382668457031286
2015-08-27 17:00:00,1004.33,979.0529174804688,894.51,25.27708251953129
2015-08-27 18:00:00,994.34,1000.3831787109375,883.97,6.043178710937468
2015-08-27 19:00:00,926.46,983.4895629882812,886.77,57.029562988281214
2015-08-27 20:00:00,900.5,889.8815307617188,872.55,10.61846923828125
2015-08-27 21:00:00,894.66,878.6092529296875,826.62,16.050747070312468
2015-08-27 22:00:00,828.62,854.18603515625,836.61,25.566035156249995
2015-08-27 23:00:00,767.94,762.4288330078125,756.74,5.511166992187555
2015-08-28 00:00:00,732.85,698.9025268554688,724.79,33.94747314453127
2015-08-28 01:00:00,714.16,651.8755493164062,700.83,62.28445068359372
2015-08-28 02:00:00,731.96,680.1704711914062,680.87,51.789528808593786
2015-08-28 03:00:00,736.77,696.23779296875,668.89,40.53220703124998
2015-08-28 04:00:00,736.77,705.3096923828125,706.82,31.460307617187482
2015-08-28 05:00:00,770.72,717.8397827148438,718.93,52.88021728515628
2015-08-28 06:00:00,786.76,768.8336181640625,762.8,17.92638183593749
2015-08-28 07:00:00,812.65,849.109130859375,834.61,36.45913085937502
2015-08-28 08:00:00,844.59,845.2289428710938,834.61,0.6389428710937182
2015-08-28 09:00:00,876.54,850.8399047851562,868.55,25.700095214843714
2015-08-28 10:00:00,882.7,872.6143798828125,864.56,10.085620117187545
2015-08-28 11:00:00,906.49,924.5599975585938,1138.1,18.06999755859374
2015-08-28 12:00:00,1142.1,925.75927734375,1092.18,216.3407226562499
2015-08-28 13:00:00,1042.26,1113.87353515625,1072.43,71.61353515625001
2015-08-28 14:00:00,870.55,964.717041015625,992.35,94.16704101562505
2015-08-28 15:00:00,846.66,842.7393798828125,930.45,3.920620117187468
2015-08-28 16:00:00,908.49,863.3632202148438,968.46,45.12677978515626
2015-08-28 17:00:00,1124.13,922.1768188476562,1004.33,201.95318115234386
2015-08-28 18:00:00,1138.33,1108.5023193359375,994.34,29.827680664062427
2015-08-28 19:00:00,1054.24,1086.82958984375,926.46,32.58958984374999
2015-08-28 20:00:00,886.52,962.4706420898438,900.5,75.95064208984377
2015-08-28 21:00:00,918.47,838.3896484375,894.66,80.08035156250003
2015-08-28 22:00:00,820.63,903.6411743164062,828.62,83.01117431640625
2015-08-28 23:00:00,779.19,771.2718505859375,767.94,7.918149414062555
2015-08-29 00:00:00,752.75,714.2968139648438,732.85,38.45318603515625
2015-08-29 01:00:00,706.89,683.8087768554688,714.16,23.081223144531236
2015-08-29 02:00:00,709.61,687.4097900390625,731.96,22.200209960937514
2015-08-29 03:00:00,698.84,686.598388671875,736.77,12.241611328125032
2015-08-29 04:00:00,720.93,700.4013671875,736.77,20.52863281249995
2015-08-29 05:00:00,734.78,756.0126953125,770.72,21.232695312500027
2015-08-29 06:00:00,787.17,759.5830078125,786.76,27.58699218749996
2015-08-29 07:00:00,808.65,851.5567626953125,812.65,42.90676269531252
2015-08-29 08:00:00,854.58,830.0263671875,844.59,24.55363281250004
2015-08-29 09:00:00,878.34,850.7532958984375,876.54,27.586704101562532
2015-08-29 10:00:00,970.38,875.7857666015625,882.7,94.5942333984375
2015-08-29 11:00:00,1154.08,988.1593017578125,906.49,165.92069824218743
2015-08-29 12:00:00,1134.11,1144.809326171875,1142.1,10.6993261718751
2015-08-29 13:00:00,1098.17,1086.3807373046875,1042.26,11.789262695312573
2015-08-29 14:00:00,1018.3,1066.976806640625,870.55,48.676806640625045
2015-08-29 15:00:00,844.59,957.559326171875,846.66,112.96932617187497
2015-08-29 16:00:00,840.6,822.8767700195312,908.49,17.723229980468773
2015-08-29 17:00:00,880.78,887.0673828125,1124.13,6.287382812500027
2015-08-29 18:00:00,896.51,879.2437744140625,1138.33,17.26622558593749
2015-08-29 19:00:00,894.51,900.1917114257812,1054.24,5.681711425781259
2015-08-29 20:00:00,894.51,852.7726440429688,886.52,41.73735595703124
2015-08-29 21:00:00,842.6,872.759033203125,918.47,30.159033203124977
2015-08-29 22:00:00,822.63,800.5714721679688,820.63,22.058527832031245
2015-08-29 23:00:00,784.69,768.2276611328125,779.19,16.462338867187555
2015-08-30 00:00:00,750.75,741.8256225585938,752.75,8.92437744140625
2015-08-30 01:00:00,730.98,679.06787109375,706.89,51.91212890625002
2015-08-30 02:00:00,700.83,704.4228515625,709.61,3.592851562499959
2015-08-30 03:00:00,714.81,685.103271484375,698.84,29.706728515624945
2015-08-30 04:00:00,708.82,701.678955078125,720.93,7.14104492187505
2015-08-30 05:00:00,738.77,705.3191528320312,734.78,33.45084716796873
2015-08-30 06:00:00,764.73,759.5830078125,787.17,5.146992187500018
2015-08-30 07:00:00,816.64,810.8285522460938,808.65,5.811447753906236
2015-08-30 08:00:00,806.66,834.7649536132812,854.58,28.104953613281282
2015-08-30 09:00:00,836.76,817.41162109375,878.34,19.34837890624999
2015-08-30 10:00:00,904.57,841.0405883789062,970.38,63.5294116210938
2015-08-30 11:00:00,832.61,965.7868041992188,1154.08,133.17680419921874
2015-08-30 12:00:00,1100.17,818.9586181640625,1134.11,281.2113818359376
2015-08-30 13:00:00,1040.51,1107.7860107421875,1098.17,67.27601074218751
2015-08-30 14:00:00,930.45,951.594970703125,1018.3,21.144970703124955
2015-08-30 15:00:00,879.94,910.857666015625,844.59,30.917666015624945
2015-08-30 16:00:00,854.66,881.3514404296875,840.6,26.691440429687532
2015-08-30 17:00:00,896.51,858.4517822265625,880.78,38.05821777343749
2015-08-30 18:00:00,870.55,889.0697021484375,896.51,18.519702148437545
2015-08-30 19:00:00,886.52,852.4080200195312,894.51,34.11197998046873
2015-08-30 20:00:00,896.51,857.054931640625,894.51,39.45506835937499
2015-08-30 21:00:00,866.56,874.4705810546875,842.6,7.910581054687555
2015-08-30 22:00:00,812.65,824.2671508789062,822.63,11.617150878906273
2015-08-30 23:00:00,766.86,757.15576171875,784.69,9.704238281250014
2015-08-31 00:00:00,728.79,718.1773681640625,750.75,10.612631835937464
2015-08-31 01:00:00,716.87,653.1602172851562,730.98,63.709782714843755
2015-08-31 02:00:00,692.85,681.6124877929688,700.83,11.237512207031273
2015-08-31 03:00:00,684.86,690.9833374023438,714.81,6.123337402343736
2015-08-31 04:00:00,706.82,694.066650390625,708.82,12.75334960937505
2015-08-31 05:00:00,736.77,705.3191528320312,738.77,31.450847167968732
2015-08-31 06:00:00,748.75,759.7382202148438,764.73,10.98822021484375
2015-08-31 07:00:00,804.81,804.1964721679688,816.64,0.6135278320311954
2015-08-31 08:00:00,856.57,852.395751953125,806.66,4.17424804687505
2015-08-31 09:00:00,870.55,851.3699951171875,836.76,19.180004882812455
2015-08-31 10:00:00,964.47,877.2424926757812,904.57,87.22750732421878
2015-08-31 11:00:00,1124.13,976.814453125,832.61,147.3155468750001
2015-08-31 12:00:00,1136.11,1132.11376953125,1100.17,3.9962304687499
2015-08-31 13:00:00,1078.2,1086.3807373046875,1040.51,8.180737304687455
2015-08-31 14:00:00,914.48,1050.906005859375,930.45,136.42600585937498
2015-08-31 15:00:00,589.02,856.6239013671875,879.94,267.6039013671875
2015-08-31 16:00:00,950.42,691.0260009765625,854.66,259.39399902343746
2015-08-31 17:00:00,1142.32,1002.4026489257812,896.51,139.9173510742187
2015-08-31 18:00:00,1026.29,1067.127197265625,870.55,40.837197265625036
2015-08-31 19:00:00,911.99,922.8126831054688,886.52,10.822683105468741
2015-08-31 20:00:00,918.47,869.4547119140625,896.51,49.01528808593753
2015-08-31 21:00:00,914.48,903.6452026367188,866.56,10.834797363281268
2015-08-31 22:00:00,829.75,865.1329345703125,812.65,35.3829345703125
2015-08-31 23:00:00,802.8,776.2977294921875,766.86,26.502270507812455
